--
-- Database: reservas
--
DROP DATABASE IF EXISTS reservas;
CREATE DATABASE IF NOT EXISTS reservas;
USE reservas;

-- --------------------------------------------------------

--
--  Creación de la tabla pistas
--

CREATE TABLE IF NOT EXISTS pistas (
  id INT UNSIGNED AUTO_INCREMENT,
  tipo ENUM('tenis','futbol','baloncesto','ping-pong') NOT NULL,
  precio FLOAT DEFAULT 0,
  id_polideportivo INT UNSIGNED NOT NULL,
  PRIMARY KEY (id)
);

-- --------------------------------------------------------

--
-- Creación de la tabla pistas_abiertas
--

CREATE TABLE IF NOT EXISTS pistas_abiertas (
  id_pista INT UNSIGNED NOT NULL,
  operativa TINYINT(1) DEFAULT 1,
  fecha_ultima_reserva DATETIME DEFAULT NULL,
  proxima_revision DATETIME NOT NULL,
  PRIMARY KEY (id_pista)
);

-- --------------------------------------------------------

--
-- Creación de la tabla pistas_cerradas
--

CREATE TABLE IF NOT EXISTS pistas_cerradas (
  id_pista INT UNSIGNED NOT NULL,
  fecha_clausura DATE NOT NULL,
  motivo VARCHAR(500) NOT NULL,
  PRIMARY KEY (id_pista)
);

-- --------------------------------------------------------

--
-- Creación de la tabla polideportivos
--

CREATE TABLE IF NOT EXISTS polideportivos (
  id INT UNSIGNED AUTO_INCREMENT,
  nombre VARCHAR(75) NOT NULL,
  direccion VARCHAR(100) NOT NULL,
  ciudad VARCHAR(100) NOT NULL,
  extension FLOAT DEFAULT 0,
  PRIMARY KEY (id)
);

-- --------------------------------------------------------

--
-- Creación de la tabla reservas
--

CREATE TABLE IF NOT EXISTS reservas (
  id INT UNSIGNED AUTO_INCREMENT,
  fecha_reserva TIMESTAMP DEFAULT CURRENT_TIMESTAMP,
  fecha_uso DATETIME NOT NULL,
  precio FLOAT DEFAULT 0,
  id_pista INT UNSIGNED DEFAULT NULL,
  PRIMARY KEY (id)
);

-- --------------------------------------------------------

--
-- Creación de la tabla usuario_reserva
--

CREATE TABLE IF NOT EXISTS usuario_reserva (
  dni_usuario CHAR(9) NOT NULL,
  id_reserva INT UNSIGNED NOT NULL,
  asiste TINYINT(1) NOT NULL DEFAULT 0,
  PRIMARY KEY (dni_usuario,id_reserva)
);

-- --------------------------------------------------------

--
-- Creación de la tabla usuario_usuario
--

CREATE TABLE IF NOT EXISTS usuario_usuario (
  dni_usuario CHAR(9) NOT NULL,
  dni_amigo CHAR(9) NOT NULL,
  PRIMARY KEY (dni_usuario,dni_amigo)
);

-- --------------------------------------------------------

--
-- Creación de la tabla usuarios
--

CREATE TABLE IF NOT EXISTS usuarios (
  dni CHAR(9) NOT NULL,
  nombre VARCHAR(50) NOT NULL,
  apellidos VARCHAR(50) NOT NULL,
  email VARCHAR(50) UNIQUE NOT NULL,
  ciudad VARCHAR(255) NOT NULL,
  fecha_nacimiento DATE NOT NULL,
  descuento FLOAT DEFAULT 0,
  fecha_alta TIMESTAMP DEFAULT CURRENT_TIMESTAMP,
  PRIMARY KEY (dni)
);

-- --------------------------------------------------------

--
-- Añadir las claves foráneas
--

ALTER TABLE pistas
  ADD CONSTRAINT pistas_ibfk_1 FOREIGN KEY (id_polideportivo) REFERENCES polideportivos (id) ON DELETE CASCADE ON UPDATE NO ACTION;

ALTER TABLE pistas_abiertas
  ADD CONSTRAINT pistas_abiertas_ibfk_1 FOREIGN KEY (id_pista) REFERENCES pistas (id) ON DELETE CASCADE ON UPDATE NO ACTION;

ALTER TABLE pistas_cerradas
  ADD CONSTRAINT pistas_cerradas_ibfk_1 FOREIGN KEY (id_pista) REFERENCES pistas (id) ON DELETE CASCADE ON UPDATE NO ACTION;

ALTER TABLE reservas
  ADD CONSTRAINT reservas_ibfk_1 FOREIGN KEY (id_pista) REFERENCES pistas (id) ON DELETE NO ACTION ON UPDATE NO ACTION;

ALTER TABLE usuario_reserva
  ADD CONSTRAINT usuario_reserva_ibfk_1 FOREIGN KEY (dni_usuario) REFERENCES usuarios (dni) ON DELETE NO ACTION ON UPDATE NO ACTION,
  ADD CONSTRAINT usuario_reserva_ibfk_2 FOREIGN KEY (id_reserva) REFERENCES reservas (id) ON DELETE CASCADE ON UPDATE NO ACTION;

ALTER TABLE usuario_usuario
  ADD CONSTRAINT usuario_usuario_ibfk_1 FOREIGN KEY (dni_usuario) REFERENCES usuarios (dni) ON DELETE CASCADE ON UPDATE NO ACTION,
  ADD CONSTRAINT usuario_usuario_ibfk_2 FOREIGN KEY (dni_amigo) REFERENCES usuarios (dni) ON DELETE CASCADE ON UPDATE NO ACTION;

-- --------------------------------------------------------
--
-- Insertamos datos a la tabla polideportivos
--

INSERT INTO polideportivos (nombre, direccion, ciudad, extension) VALUES
('BR', 'P.O. Box 215, 5931 Pellentesque Road', 'Zaragoza', 289),
('NA', 'Ap #934-3170 Fusce Rd.', 'Zaragoza', 192),
('British Columbia', 'P.O. Box 485, 5090 Elit. Road', 'Zaragoza', 480),
('Brandenburg', '929-2153 Varius Road', 'Zaragoza', 259),
('San José', '803-9134 Odio. Rd.', 'Zaragoza', 361),
('Brd', '145-2997 Ultrices Ave', 'Zaragoza', 399),
('Idaho', '256-9131 Dui, Rd.', 'Zaragoza', 231),
('SP', 'P.O. Box 416, 2887 Vulputate, Avenue', 'Zaragoza', 415),
('AC', 'Ap #925-8557 Eu, Street', 'Zaragoza', 235),
('SI', 'Ap #509-7693 Dapibus Street', 'Teruel', 323),
('TA', '451-4958 Amet Rd.', 'Huesca', 479),
('Western Australia', 'Ap #409-6570 Curabitur Road', 'Huesca', 213),
('NI', 'P.O. Box 167, 2006 Risus Rd.', 'Huesca', 383),
('Connecticut', '5668 Mauris, Road', 'Huesca', 152),
('Provence-Alpes-Côte d''Azur', '5132 Mi St.', 'Huesca', 397),
('Yukon', 'P.O. Box 947, 1703 Curabitur St.', 'Huesca', 296),
('Nova Scotia', '326-4329 Ac Av.', 'Huesca', 411),
('Vienna', '694-7588 Ornare. Av.', 'Huesca', 206),
('La', 'P.O. Box 162, 7033 Habitant Rd.', 'Huesca', 271),
('BA', 'P.O. Box 878, 3169 Justo St.', 'Huesca', 172),
('Cartago', '8704 Gravida. St.', 'Huesca', 195),
('Morayshire', 'P.O. Box 585, 3356 Ipsum. Rd.', 'Huesca', 207),
('Louisiana', '124-2101 Pede, Rd.', 'Teruel', 106),
('ES', '207-6873 Id Road', 'Teruel', 479),
('Franche-Comté', '7460 Consectetuer St.', 'Teruel', 120),
('Noord Brabant', 'P.O. Box 473, 8577 Neque. St.', 'Teruel', 354),
('CA', '649-1999 Nullam St.', 'Teruel', 367),
('Minnesota', 'Ap #507-361 Pharetra, Av.', 'Teruel', 348),
('Heredia', '6419 Nec Road', 'Teruel', 338),
('BY', '5256 Et Av.', 'Teruel', 278),
('SF', '724-1228 Lacus Ave', 'Teruel', 124),
('Manitoba', '862-3322 Amet, Road', 'Teruel', 353);

--
-- Insertamos datos a la tabla pistas
--

INSERT INTO pistas (tipo, precio, id_polideportivo) VALUES
('baloncesto', 0, 13),
('tenis', 0, 4),
('futbol', 0, 18),
('baloncesto', 0, 27),
('tenis', 0, 26),
('tenis', 0, 3),
('tenis', 0, 21),
('futbol', 0, 11),
('futbol', 0, 21),
('futbol', 0, 28),
('futbol', 0, 31),
('baloncesto', 0, 16),
('tenis', 0, 22),
('futbol', 0, 3),
('baloncesto', 0, 2),
('tenis', 0, 25),
('baloncesto', 0, 15),
('tenis', 0, 19),
('tenis', 0, 14),
('futbol', 0, 29),
('baloncesto', 0, 9),
('tenis', 0, 1),
('ping-pong', 0, 27),
('ping-pong', 0, 26),
('futbol', 0, 1),
('baloncesto', 0, 4),
('baloncesto', 0, 15),
('futbol', 0, 23),
('baloncesto', 0, 32),
('futbol', 0, 30),
('futbol', 0, 31),
('tenis', 0, 3),
('futbol', 0, 24),
('baloncesto', 0, 10),
('ping-pong', 0, 32),
('ping-pong', 0, 28),
('ping-pong', 0, 4),
('ping-pong', 0, 9),
('ping-pong', 0, 16),
('ping-pong', 0, 27),
('tenis', 0, 19),
('baloncesto', 0, 17),
('baloncesto', 0, 23),
('baloncesto', 0, 15),
('ping-pong', 0, 11),
('baloncesto', 0, 17),
('tenis', 0, 8),
('futbol', 0, 3),
('baloncesto', 0, 17),
('ping-pong', 0, 17),
('futbol', 0, 16),
('futbol', 0, 14),
('ping-pong', 0, 18),
('tenis', 0, 27),
('tenis', 0, 17),
('tenis', 0, 6),
('ping-pong', 0, 5),
('ping-pong', 0, 6),
('futbol', 0, 32),
('futbol', 0, 19),
('tenis', 0, 10),
('baloncesto', 0, 6),
('tenis', 0, 28),
('futbol', 0, 24),
('ping-pong', 0, 27),
('futbol', 0, 9),
('futbol', 0, 9),
('baloncesto', 0, 10),
('tenis', 0, 8),
('ping-pong', 0, 10),
('baloncesto', 0, 8),
('tenis', 0, 3),
('futbol', 0, 11),
('ping-pong', 0, 17),
('tenis', 0, 11),
('tenis', 0, 4),
('ping-pong', 0, 15),
('baloncesto', 0, 10),
('tenis', 0, 6),
('ping-pong', 0, 19),
('tenis', 0, 2),
('tenis', 0, 10),
('tenis', 0, 24),
('futbol', 0, 1),
('futbol', 0, 28),
('baloncesto', 0, 10),
('futbol', 0, 24),
('tenis', 0, 7),
('baloncesto', 0, 6),
('ping-pong', 0, 7),
('futbol', 0, 21),
('baloncesto', 0, 2),
('futbol', 0, 23),
('futbol', 0, 31),
('tenis', 0, 1),
('futbol', 0, 8),
('futbol', 0, 12),
('ping-pong', 0, 1),
('tenis', 0, 14),
('tenis', 0, 6),
('ping-pong', 0, 15),
('baloncesto', 0, 14),
('futbol', 0, 9),
('baloncesto', 0, 3),
('tenis', 0, 23),
('baloncesto', 0, 31),
('ping-pong', 0, 8),
('futbol', 0, 15),
('ping-pong', 0, 10),
('tenis', 0, 29),
('ping-pong', 0, 16),
('ping-pong', 0, 31),
('futbol', 0, 4),
('tenis', 0, 25),
('ping-pong', 0, 27),
('baloncesto', 0, 28),
('tenis', 0, 17),
('tenis', 0, 26),
('ping-pong', 0, 5),
('tenis', 0, 11),
('ping-pong', 0, 6),
('tenis', 0, 23),
('tenis', 0, 27),
('futbol', 0, 11),
('tenis', 0, 26),
('futbol', 0, 21),
('tenis', 0, 10),
('ping-pong', 0, 2),
('ping-pong', 0, 30),
('tenis', 0, 14),
('baloncesto', 0, 15),
('tenis', 0, 11),
('tenis', 0, 16),
('baloncesto', 0, 26),
('ping-pong', 0, 1),
('futbol', 0, 18),
('ping-pong', 0, 2),
('tenis', 0, 1),
('baloncesto', 0, 7),
('tenis', 0, 22),
('tenis', 0, 17),
('baloncesto', 0, 32),
('tenis', 0, 28),
('futbol', 0, 32),
('futbol', 0, 6),
('ping-pong', 0, 5),
('futbol', 0, 22),
('ping-pong', 0, 3),
('baloncesto', 0, 6),
('baloncesto', 0, 5),
('tenis', 0, 15),
('futbol', 0, 5),
('futbol', 0, 28),
('ping-pong', 0, 14),
('baloncesto', 0, 16),
('futbol', 0, 28),
('ping-pong', 0, 2),
('futbol', 0, 13),
('ping-pong', 0, 19),
('baloncesto', 0, 27),
('futbol', 0, 7),
('tenis', 0, 12),
('baloncesto', 0, 20),
('baloncesto', 0, 20),
('futbol', 0, 14),
('baloncesto', 0, 12),
('baloncesto', 0, 11),
('ping-pong', 0, 31),
('ping-pong', 0, 15),
('tenis', 0, 8),
('futbol', 0, 25),
('futbol', 0, 17),
('futbol', 0, 2),
('ping-pong', 0, 17),
('baloncesto', 0, 31),
('baloncesto', 0, 11),
('futbol', 0, 30),
('baloncesto', 0, 7),
('ping-pong', 0, 2),
('ping-pong', 0, 12),
('tenis', 0, 3),
('tenis', 0, 13),
('tenis', 0, 28),
('ping-pong', 0, 5),
('futbol', 0, 14),
('futbol', 0, 21),
('tenis', 0, 1),
('baloncesto', 0, 17),
('ping-pong', 0, 8),
('futbol', 0, 16),
('baloncesto', 0, 26),
('tenis', 0, 10),
('futbol', 0, 27),
('futbol', 0, 17),
('tenis', 0, 15),
('ping-pong', 0, 1),
('tenis', 0, 7),
('baloncesto', 0, 22),
('futbol', 0, 26),
('futbol', 0, 10);

--
-- Insertamos datos a la tabla reservas
--

INSERT INTO reservas (fecha_reserva, fecha_uso, precio, id_pista) VALUES
('2013-03-03 03:47:33', '2014-11-01 16:44:27', 7, 199),
('2013-03-14 23:42:12', '2014-07-01 20:09:13', 8, 41),
('2013-02-04 21:30:18', '2014-06-07 08:34:17', 8, 148),
('2013-07-06 16:05:00', '2014-07-31 04:58:51', 8, 175),
('2013-11-15 22:59:26', '2014-02-15 14:04:14', 7, 199),
('2013-12-17 13:04:25', '2013-05-31 11:15:22', 9, 86),
('2013-03-21 00:13:22', '2014-01-23 20:55:02', 10, 138),
('2014-11-16 12:44:31', '2014-02-01 18:21:47', 5, 146),
('2014-07-24 06:16:48', '2013-10-12 19:02:57', 8, 87),
('2013-05-18 11:32:43', '2014-05-16 08:56:48', 9, 149),
('2013-10-26 00:42:30', '2014-10-31 12:48:08', 7, 39),
('2013-02-16 02:45:09', '2013-02-12 15:12:04', 8, 110),
('2014-08-24 05:47:56', '2014-01-20 00:51:17', 9, 178),
('2013-03-25 20:59:40', '2013-08-25 12:03:05', 9, 114),
('2013-03-28 01:25:39', '2014-12-02 17:25:39', 5, 28),
('2014-02-08 18:40:40', '2014-09-03 10:43:32', 8, 89),
('2013-09-03 12:31:39', '2013-01-04 18:42:20', 7, 110),
('2013-02-16 06:43:28', '2015-01-16 20:50:38', 6, 136),
('2014-12-07 09:36:59', '2015-01-12 19:01:27', 5, 122),
('2015-01-20 00:34:12', '2014-05-05 05:20:42', 7, 40),
('2013-05-27 05:24:18', '2014-12-12 20:17:47', 7, 106),
('2014-06-29 23:31:52', '2013-07-26 05:04:57', 5, 95),
('2014-08-25 11:36:52', '2014-07-06 22:34:08', 8, 176),
('2014-06-25 04:11:04', '2013-10-15 11:17:46', 8, 15),
('2013-06-10 22:16:58', '2014-03-19 22:27:04', 7, 4),
('2014-09-28 12:35:37', '2013-08-06 22:53:52', 7, 197),
('2014-05-14 15:16:13', '2013-10-21 20:20:12', 9, 161),
('2013-03-29 16:27:06', '2013-11-09 15:48:01', 7, 175),
('2014-07-30 01:54:06', '2013-07-01 07:41:10', 5, 1),
('2013-07-31 04:40:10', '2014-08-05 14:06:28', 7, 186),
('2013-05-11 15:38:54', '2013-09-19 18:14:39', 10, 118),
('2013-12-04 10:01:16', '2014-08-13 16:26:41', 6, 62),
('2013-05-01 21:30:09', '2014-07-23 01:15:33', 6, 121),
('2013-09-26 00:28:15', '2014-03-26 01:36:32', 6, 65),
('2014-03-03 14:29:14', '2013-04-12 21:55:08', 10, 21),
('2014-07-11 09:49:14', '2013-06-21 22:03:54', 6, 73),
('2014-08-05 10:35:21', '2013-01-08 03:27:27', 10, 179),
('2013-02-25 03:48:15', '2013-07-14 14:46:15', 7, 84),
('2013-03-10 03:54:19', '2014-09-09 20:59:58', 6, 32),
('2014-10-12 03:04:19', '2013-09-13 10:16:29', 7, 33),
('2013-02-05 03:49:00', '2013-04-28 15:58:25', 10, 37),
('2013-09-28 21:40:35', '2013-12-29 14:15:31', 5, 133),
('2013-11-20 20:13:45', '2013-10-15 09:16:01', 7, 184),
('2013-07-08 09:09:43', '2013-07-16 03:37:40', 7, 169),
('2014-08-01 01:52:09', '2013-10-27 03:37:07', 7, 188),
('2013-03-14 12:37:19', '2013-04-27 15:17:49', 10, 43),
('2013-04-06 06:31:37', '2013-06-19 02:46:56', 5, 149),
('2014-12-30 08:46:41', '2013-06-18 03:54:11', 8, 81),
('2013-10-12 12:43:20', '2013-07-03 09:48:59', 10, 22),
('2014-05-18 18:06:59', '2013-06-17 22:18:47', 5, 53),
('2013-02-20 08:17:49', '2014-07-30 02:46:37', 9, 89),
('2014-05-31 18:07:16', '2013-07-16 04:30:57', 5, 139),
('2014-09-03 10:06:52', '2014-07-20 03:13:43', 5, 186),
('2013-05-25 14:17:04', '2013-10-16 13:59:33', 9, 94),
('2014-03-11 15:13:48', '2013-08-21 16:14:46', 8, 18),
('2013-11-18 01:58:36', '2014-03-19 01:00:52', 9, 65),
('2013-03-30 01:24:39', '2014-04-13 05:59:23', 9, 24),
('2013-07-29 03:40:27', '2013-02-20 04:26:55', 5, 28),
('2014-10-19 10:57:20', '2013-07-31 14:53:21', 8, 126),
('2014-07-30 15:24:11', '2015-01-24 17:47:49', 7, 199),
('2014-02-15 11:01:50', '2013-11-16 18:33:32', 6, 31),
('2014-01-13 08:39:40', '2013-12-17 07:15:20', 10, 159),
('2013-12-31 01:28:43', '2013-12-31 19:22:45', 9, 111),
('2013-03-09 15:52:49', '2013-01-26 18:32:55', 5, 183),
('2014-09-10 12:14:19', '2014-02-22 19:47:01', 8, 154),
('2013-02-23 07:04:58', '2013-02-10 19:52:27', 9, 72),
('2014-05-19 02:22:49', '2013-04-22 09:37:31', 6, 88),
('2014-03-17 09:20:32', '2014-01-14 03:29:38', 9, 58),
('2013-10-14 09:05:08', '2013-09-04 10:00:02', 7, 106),
('2014-03-05 23:26:41', '2013-03-18 08:56:37', 6, 86),
('2014-10-14 01:50:45', '2014-11-08 03:05:22', 8, 114),
('2015-01-07 17:52:20', '2014-03-24 00:53:59', 7, 128),
('2014-01-20 10:13:26', '2014-11-13 14:00:43', 10, 59),
('2014-08-30 03:46:22', '2013-08-18 19:40:34', 6, 68),
('2013-11-07 07:08:13', '2014-04-18 12:30:04', 7, 65),
('2013-09-17 13:18:44', '2014-03-17 08:35:24', 9, 45),
('2013-08-03 04:49:26', '2014-07-08 07:20:50', 6, 29),
('2014-11-12 03:45:42', '2013-07-03 16:15:35', 10, 117),
('2013-06-15 23:37:43', '2013-09-23 12:36:36', 7, 142),
('2013-07-22 21:24:45', '2014-11-03 03:59:33', 6, 126),
('2013-05-02 13:50:38', '2013-03-28 08:43:45', 7, 91),
('2013-01-29 23:25:04', '2013-08-06 16:52:56', 6, 115),
('2013-11-27 11:23:02', '2013-12-30 12:49:07', 8, 58),
('2013-03-03 05:35:49', '2014-11-10 01:28:14', 9, 15),
('2014-11-16 18:07:09', '2013-11-01 14:10:29', 5, 12),
('2013-05-03 22:28:45', '2013-09-23 03:01:45', 6, 15),
('2014-03-12 18:32:32', '2014-01-13 18:19:14', 8, 182),
('2013-04-03 18:37:18', '2013-03-16 19:12:46', 7, 108),
('2014-12-10 16:39:41', '2014-11-15 07:08:38', 6, 156),
('2013-12-14 23:41:49', '2014-10-18 19:39:20', 8, 85),
('2013-07-12 14:02:01', '2013-11-25 13:25:31', 6, 168),
('2013-08-06 00:33:35', '2015-01-06 01:03:07', 10, 180),
('2014-11-23 16:39:29', '2014-10-15 17:31:23', 9, 52),
('2013-01-27 13:26:16', '2014-12-16 05:01:30', 8, 141),
('2013-04-30 05:07:12', '2014-12-31 18:58:16', 8, 163),
('2014-04-26 12:31:39', '2014-12-25 15:07:16', 8, 191),
('2013-04-21 08:25:36', '2013-12-14 01:52:59', 5, 26),
('2014-11-27 05:57:10', '2013-12-09 23:02:55', 7, 66),
('2013-08-18 17:54:18', '2014-11-19 01:58:31', 10, 137),
('2013-12-29 11:34:50', '2013-03-30 12:12:50', 9, 37),
('2013-11-22 12:32:24', '2013-05-27 02:46:00', 7, 101),
('2014-09-13 14:05:18', '2014-06-07 11:02:19', 9, 198),
('2013-01-05 18:33:47', '2013-02-23 16:06:18', 8, 20),
('2013-07-09 08:32:08', '2014-07-17 06:06:01', 9, 114),
('2013-11-22 16:21:07', '2014-07-01 09:53:49', 6, 140),
('2014-04-13 21:41:17', '2013-04-21 14:56:03', 5, 27),
('2013-09-29 14:03:36', '2014-08-16 15:45:02', 8, 47),
('2014-08-16 02:19:01', '2013-08-18 13:35:14', 9, 98),
('2013-02-04 05:52:26', '2014-07-11 15:31:52', 5, 138),
('2013-08-05 09:23:57', '2014-08-08 13:22:56', 10, 139),
('2013-10-20 23:52:57', '2013-05-12 00:14:11', 5, 16),
('2013-11-03 20:23:36', '2014-04-04 09:38:01', 9, 200),
('2014-06-22 19:16:16', '2014-04-07 09:58:34', 8, 169),
('2014-10-01 00:40:25', '2013-09-23 20:33:52', 8, 17),
('2014-10-08 16:05:11', '2014-05-16 11:14:45', 9, 107),
('2014-05-18 19:59:47', '2013-06-16 21:30:08', 6, 196),
('2013-03-11 07:44:29', '2013-10-19 14:39:05', 10, 194),
('2013-11-30 04:16:23', '2014-09-12 11:09:28', 8, 133),
('2013-12-07 02:26:17', '2015-01-14 06:36:51', 5, 122),
('2013-02-25 13:55:02', '2014-04-23 14:31:33', 9, 5),
('2014-11-09 18:10:59', '2013-11-19 10:22:01', 5, 178),
('2015-01-03 23:50:11', '2013-07-26 13:34:50', 9, 191),
('2013-09-29 13:48:50', '2014-06-02 04:53:56', 6, 167),
('2013-03-09 18:35:42', '2013-10-23 18:56:32', 6, 9),
('2013-05-08 03:46:40', '2014-03-20 18:15:11', 7, 12),
('2014-12-05 03:57:51', '2013-07-23 22:34:16', 10, 129),
('2013-04-16 17:56:51', '2013-04-11 10:24:14', 7, 96),
('2014-11-07 06:20:06', '2014-08-18 17:21:41', 8, 60),
('2014-09-08 08:24:06', '2014-02-16 07:24:27', 5, 71),
('2013-07-03 03:51:32', '2014-06-27 15:10:15', 7, 154),
('2014-08-26 03:42:13', '2013-12-30 03:52:11', 5, 121),
('2014-06-30 03:12:56', '2014-09-30 17:26:08', 7, 88),
('2014-12-04 16:12:10', '2013-04-03 11:25:09', 10, 26),
('2013-01-10 05:42:17', '2013-06-20 18:06:44', 10, 193),
('2013-06-10 08:14:37', '2013-11-18 09:54:39', 7, 186),
('2013-12-06 17:14:17', '2014-09-10 01:19:20', 9, 96),
('2013-09-16 23:04:44', '2013-02-17 13:18:20', 9, 150),
('2013-06-22 17:40:45', '2013-09-28 23:37:39', 6, 103),
('2014-05-18 03:18:22', '2013-02-22 21:57:53', 10, 189),
('2015-01-07 02:56:13', '2013-11-08 03:09:02', 5, 56),
('2013-08-13 02:21:51', '2013-07-13 02:07:06', 5, 31),
('2013-05-22 01:45:48', '2013-07-14 20:32:00', 7, 58),
('2013-07-09 12:05:56', '2014-08-19 10:24:47', 5, 156),
('2014-08-21 14:08:35', '2014-07-04 07:51:07', 10, 69),
('2014-11-15 07:22:26', '2013-07-12 10:01:01', 8, 172),
('2013-03-01 16:10:15', '2013-03-22 06:00:37', 5, 198),
('2015-01-05 22:07:44', '2014-07-31 12:25:42', 5, 137),
('2013-05-29 04:23:28', '2013-09-18 20:48:31', 10, 61),
('2013-02-23 07:46:07', '2014-03-12 20:34:28', 10, 67),
('2014-03-28 13:59:24', '2013-04-25 02:37:27', 9, 155),
('2013-07-11 12:13:14', '2014-12-11 11:29:52', 9, 111),
('2014-11-23 06:43:11', '2014-04-20 10:18:23', 8, 121),
('2015-01-10 23:16:03', '2014-08-18 12:37:40', 6, 122),
('2013-07-14 20:38:47', '2014-04-02 12:32:28', 6, 73),
('2013-11-16 20:19:52', '2014-05-27 18:36:52', 5, 150),
('2014-11-30 22:44:34', '2014-06-30 03:15:53', 10, 133),
('2013-09-06 18:46:04', '2013-01-09 02:16:26', 7, 34),
('2014-03-06 06:06:40', '2013-08-23 03:57:20', 5, 45),
('2015-01-17 02:23:00', '2013-12-28 19:50:54', 10, 51),
('2013-10-28 15:18:36', '2014-03-28 17:29:44', 5, 172),
('2013-05-18 07:54:14', '2014-09-15 07:11:42', 5, 145),
('2014-08-28 14:39:50', '2013-11-06 15:54:06', 8, 157),
('2013-01-22 12:45:29', '2013-11-16 18:54:59', 8, 69),
('2013-01-14 11:17:30', '2013-04-16 03:52:43', 8, 132),
('2014-07-05 18:53:42', '2013-06-19 07:30:48', 10, 199),
('2013-01-04 21:43:34', '2013-04-13 15:51:50', 8, 150),
('2013-04-27 15:46:51', '2013-01-07 03:39:06', 5, 148),
('2013-01-12 18:20:10', '2013-08-10 19:12:33', 9, 167),
('2014-09-29 03:56:57', '2014-05-26 14:08:24', 5, 59),
('2014-06-11 00:40:54', '2013-05-10 22:02:16', 7, 84),
('2014-05-10 08:21:30', '2013-02-12 14:34:42', 5, 129),
('2013-06-09 10:08:55', '2014-10-03 16:12:59', 10, 150),
('2013-01-28 09:04:28', '2013-11-11 09:42:08', 8, 96),
('2014-12-30 20:39:22', '2013-04-09 21:48:57', 5, 74),
('2014-06-12 12:23:09', '2014-11-04 14:24:03', 9, 158),
('2014-07-22 02:36:20', '2014-08-26 23:58:22', 6, 92),
('2013-08-24 14:50:41', '2013-04-09 07:02:22', 5, 113),
('2013-08-01 07:00:34', '2014-11-19 03:13:59', 6, 168),
('2013-03-15 15:42:34', '2014-08-16 05:43:34', 10, 146),
('2013-12-28 02:36:09', '2013-10-14 19:41:12', 9, 157),
('2014-03-25 18:34:13', '2014-07-16 03:03:38', 5, 34),
('2014-09-02 01:20:37', '2014-02-11 00:08:52', 7, 83),
('2014-12-07 04:24:35', '2013-08-18 01:48:12', 10, 162),
('2013-02-22 04:03:16', '2015-01-26 12:33:38', 10, 185),
('2014-02-05 19:09:45', '2013-06-24 06:34:52', 9, 179),
('2014-06-14 17:34:09', '2014-12-03 20:08:24', 10, 78),
('2013-03-02 07:42:27', '2013-05-22 23:16:49', 7, 143),
('2015-01-22 00:21:44', '2014-09-18 08:20:23', 8, 98),
('2014-11-22 00:01:42', '2013-04-23 04:01:23', 10, 2),
('2013-12-15 21:19:16', '2014-12-21 08:56:45', 10, 164),
('2014-12-24 15:48:08', '2014-11-29 20:14:00', 8, 159),
('2013-03-29 00:09:01', '2013-08-22 18:40:50', 8, 40),
('2013-01-22 05:17:03', '2013-03-10 02:17:48', 9, 32),
('2014-06-13 15:21:47', '2015-01-26 13:33:00', 5, 60),
('2014-12-24 09:34:33', '2014-03-13 03:35:08', 8, 57),
('2013-01-29 21:22:56', '2013-03-03 23:13:31', 9, 131),
('2013-05-22 10:54:21', '2014-03-04 21:44:50', 5, 135),
('2013-06-25 12:51:58', '2014-02-07 01:00:23', 8, 191),
('2013-05-15 14:46:12', '2013-12-18 18:33:39', 5, 2),
('2013-12-13 14:17:57', '2013-04-05 01:43:23', 6, 149);

--
-- Insertamos datos a la tabla usuarios
--

INSERT INTO usuarios (dni, nombre, apellidos, email, ciudad, fecha_nacimiento, descuento) VALUES
('WFPHMYMZ7', 'Medge', 'Franklin', 'purus.Maecenas.libero@inhendreritconsectetuer.edu', '', '2013-06-25', 0),
('IWFFOBHP1', 'Jin', 'Mcleod', 'nunc.risus.varius@conubianostraper.net', '', '2014-10-20', 0),
('KOOOQQRH3', 'Kadeem', 'Palmer', 'ac.risus.Morbi@sedpede.co.uk', '', '2014-01-22', 0),
('AIXZNVWS0', 'Fletcher', 'Knox', 'nunc@atortor.ca', '', '2014-12-12', 0),
('YTZRLZHO3', 'Ima', 'Beard', 'vel@Namporttitorscelerisque.org', '', '2013-09-17', 0),
('LKFQCZQN3', 'Kane', 'Roth', 'et.nunc@sagittisfelis.ca', '', '2015-01-12', 0),
('QJWQZQHJ9', 'Barry', 'Todd', 'magna.Lorem@Phasellus.edu', '', '2013-04-28', 0),
('TFXGIFSY2', 'Adam', 'Bryan', 'Donec@egetodioAliquam.com', '', '2014-04-30', 0),
('BAEXODHD3', 'Mechelle', 'Moran', 'consequat.purus@sit.edu', '', '2013-10-20', 0),
('WRDQJRTW6', 'Brock', 'Obrien', 'tincidunt.aliquam.arcu@eget.co.uk', '', '2014-07-02', 0),
('TPBHNPJJ3', 'Charissa', 'Stout', 'luctus.sit.amet@volutpatNulladignissim.ca', '', '2013-09-04', 0),
('JQMDWBEK8', 'Sybil', 'Barnett', 'neque.sed.sem@Fuscefeugiat.edu', '', '2013-09-23', 0),
('SSDKCIPH4', 'Abel', 'Rios', 'Donec.porttitor@dolor.edu', '', '2013-03-16', 0),
('KKGLIPJO8', 'Hiram', 'Duffy', 'porta@amalesuada.net', '', '2014-04-02', 0),
('OCCMNQCW1', 'Kamal', 'Delaney', 'Donec.nibh@etmagnisdis.net', '', '2013-12-04', 0),
('WFQZJRMQ8', 'Maris', 'Wilson', 'ligula.tortor@dictumultriciesligula.co.uk', '', '2014-07-27', 0),
('ASITBSEM2', 'Walker', 'Farley', 'ullamcorper@facilisisfacilisismagna.org', '', '2013-05-26', 0),
('IPJHZJRR1', 'Branden', 'Copeland', 'Pellentesque.ut@molestie.ca', '', '2014-03-06', 0),
('QNTVGRYI7', 'Wang', 'Patterson', 'vulputate.eu.odio@ipsumCurabiturconsequat.org', '', '2013-05-11', 0),
('WIDCMVYQ3', 'Chaim', 'Mills', 'dis@tellusSuspendissesed.net', '', '2014-11-28', 0),
('JCOEMOFK6', 'Norman', 'Stewart', 'a.purus@afeugiattellus.net', '', '2014-05-25', 0),
('EANLDCKY9', 'Wylie', 'Duran', 'lobortis@eratSednunc.edu', '', '2013-03-19', 0),
('DHOYCSHQ4', 'Curran', 'Peck', 'Class.aptent@Aliquameratvolutpat.org', '', '2014-06-08', 0),
('LVGUZXFQ1', 'Cherokee', 'Lindsey', 'Aliquam@sagittissemperNam.ca', '', '2013-12-27', 0),
('TUVNKPAK3', 'Logan', 'Carr', 'dictum.eu.eleifend@bibendum.edu', '', '2014-07-16', 0),
('EOHHKYIV5', 'Todd', 'Contreras', 'sit.amet.consectetuer@sapien.org', '', '2013-09-16', 0),
('QVIEMHUI7', 'Eaton', 'Mcclure', 'sit.amet@sed.net', '', '2014-09-11', 0),
('DEMUXVXN1', 'Fiona', 'Benjamin', 'eget.venenatis@eutemporerat.net', '', '2015-01-06', 0),
('LZSZGUPV3', 'Akeem', 'Sanchez', 'ipsum.porta.elit@aliquam.ca', '', '2014-10-22', 0),
('WBYYJYYE2', 'Raja', 'Cotton', 'Nunc.mauris.elit@consectetueripsumnunc.net', '', '2013-02-07', 0),
('WXVBCDFM0', 'Vincent', 'Levine', 'rutrum@Nuncmauris.org', '', '2013-05-08', 0),
('RQFQQQAS7', 'Wynter', 'Rodriguez', 'et.tristique@purusMaecenaslibero.ca', '', '2013-07-26', 0),
('XTXVGYFR9', 'Anika', 'Mcpherson', 'ac@velitAliquamnisl.edu', '', '2014-04-09', 0),
('IMHZJBAX8', 'Jordan', 'Hopper', 'Duis@nequeNullam.org', '', '2014-12-17', 0),
('YUKODMDP6', 'Yuli', 'Durham', 'nunc.interdum@dolorsit.ca', '', '2013-06-11', 0),
('CBLDGBSN1', 'Alec', 'Moses', 'Cum@interdumSed.ca', '', '2014-10-21', 0),
('YFYVYDWG8', 'Kaitlin', 'Cherry', 'dictum.eleifend.nunc@penatibuset.ca', '', '2013-07-29', 0),
('WKFNRJPW8', 'Prescott', 'Boyle', 'Sed.auctor.odio@semut.com', '', '2014-07-16', 0),
('YAFTFUHD2', 'Rogan', 'Ashley', 'ullamcorper.Duis.cursus@Sedneque.com', '', '2014-10-26', 0),
('DBMIEHAS3', 'James', 'Coffey', 'dolor@idrisus.edu', '', '2014-08-10', 0),
('VWVBQSWK6', 'Serena', 'Combs', 'pede@Sed.co.uk', '', '2014-07-04', 0),
('PRMAIYVS7', 'Mira', 'Donovan', 'accumsan@Utsagittislobortis.ca', '', '2013-11-08', 0),
('MUUCLKSD8', 'Aristotle', 'Vinson', 'ipsum.nunc.id@vehiculaaliquetlibero.co.uk', '', '2013-04-06', 0),
('QPHQFGHT4', 'Ginger', 'Clemons', 'diam.lorem.auctor@necluctus.edu', '', '2014-06-03', 0),
('OWBDLNHJ6', 'Kristen', 'Anderson', 'magna.Cras.convallis@nisi.net', '', '2013-09-01', 0),
('HRDBSQZH3', 'Tashya', 'Matthews', 'ac@neque.co.uk', '', '2013-11-24', 0),
('HTXDALSY5', 'Amity', 'Carson', 'dapibus.ligula.Aliquam@mauriselitdictum.ca', '', '2014-09-11', 0),
('NVOWSMIA4', 'Alden', 'Pollard', 'nunc@eleifendnon.org', '', '2013-05-23', 0),
('NHWHSDMA5', 'Jolene', 'Morrow', 'mattis@Integervitaenibh.net', '', '2013-04-02', 0),
('GVDKJEGK7', 'Harrison', 'Walls', 'scelerisque@Crassed.org', '', '2013-05-21', 0),
('FVBPMXLC6', 'Fay', 'Crane', 'porttitor@Quisqueornaretortor.org', '', '2014-01-04', 0),
('DWNGJQWA2', 'Lane', 'Sutton', 'Aenean.euismod@dolor.com', '', '2013-04-16', 0),
('QPGPOCYU3', 'Charde', 'Riggs', 'Morbi.neque.tellus@tempor.com', '', '2014-09-18', 0),
('XQTMDHYH3', 'William', 'Hutchinson', 'sit.amet.metus@tempor.edu', '', '2014-02-19', 0),
('BLBXPJCC1', 'Bryar', 'Joseph', 'convallis.in.cursus@eutelluseu.co.uk', '', '2013-03-09', 0),
('RZCALXCL8', 'Mason', 'Baker', 'sed.dui.Fusce@in.com', '', '2014-08-05', 0),
('EBEEBPTQ7', 'Ian', 'Bray', 'Sed@egestasSedpharetra.org', '', '2013-09-14', 0),
('ANNYTNEY5', 'Ray', 'Hunter', 'ipsum.dolor.sit@gravida.org', '', '2014-12-14', 0),
('YARUFPJL2', 'Keelie', 'Horn', 'quam.dignissim@neceuismodin.net', '', '2014-08-04', 0),
('WYXVOSNM1', 'Ariel', 'Avery', 'mauris.aliquam@ullamcorpervelit.net', '', '2014-02-17', 0),
('WEWTXYNX9', 'Lester', 'Cain', 'eget@sem.ca', '', '2013-04-18', 0),
('RDMZMEWR0', 'Victor', 'Clarke', 'conubia.nostra@molestie.com', '', '2014-12-16', 0),
('SBMYOZDN7', 'Faith', 'Martinez', 'orci.Donec@nuncnulla.edu', '', '2013-04-08', 0),
('ISELGBJC8', 'Gage', 'Snow', 'fermentum@pulvinar.edu', '', '2014-09-23', 0),
('IXUFCMRO8', 'Isaac', 'Koch', 'est@Integerurna.org', '', '2014-09-21', 0),
('LKTQNZES5', 'Abel', 'Casey', 'ante.Nunc@convallisest.ca', '', '2013-08-26', 0),
('YPVVKQJP6', 'Samantha', 'Dennis', 'justo@vitaeodio.com', '', '2013-08-06', 0),
('EGXEDNZQ9', 'Lacota', 'Norman', 'et.magnis@Ut.co.uk', '', '2014-01-21', 0),
('HMJSMXSE5', 'Demetrius', 'Armstrong', 'ultrices.Duis.volutpat@Donec.edu', '', '2013-05-09', 0),
('IZEMMKHY5', 'Timothy', 'Koch', 'ullamcorper@suscipitest.org', '', '2014-09-28', 0),
('SOCHEGRU8', 'Christian', 'Garrett', 'ipsum@vitaesodales.org', '', '2013-02-09', 0),
('NTNQLDLC0', 'Leilani', 'Rios', 'et.magnis@egestasFuscealiquet.org', '', '2013-07-24', 0),
('PDODJWMG3', 'Julian', 'Brooks', 'augue.Sed.molestie@interdumenimnon.edu', '', '2014-02-09', 0),
('MLBJWAZV6', 'Mona', 'Rich', 'netus.et@sem.edu', '', '2013-05-13', 0),
('IPQYBCDY1', 'Clare', 'Mathis', 'metus.urna.convallis@est.edu', '', '2013-04-04', 0),
('PJPLQYNW0', 'Baxter', 'Mccormick', 'consectetuer.rhoncus@nascetur.org', '', '2014-05-08', 0),
('AVRTLZVW5', 'Kaden', 'Luna', 'sagittis@enimEtiam.ca', '', '2014-01-14', 0),
('DPNMBHCO1', 'Xander', 'Langley', 'scelerisque.sed@enim.edu', '', '2014-10-09', 0),
('WKQWSRDL4', 'Basil', 'Gilmore', 'Sed.pharetra.felis@dui.org', '', '2013-09-09', 0),
('GUTTGAYK5', 'Tucker', 'Cochran', 'auctor.velit.Aliquam@molestie.org', '', '2013-10-17', 0),
('PAIQKBXU7', 'Patience', 'Barrett', 'ipsum.Phasellus.vitae@urna.net', '', '2013-09-22', 0),
('AYEPDZDS3', 'Ashton', 'Banks', 'tincidunt.vehicula@nonvestibulumnec.com', '', '2013-06-03', 0),
('HSULGUUO2', 'Brett', 'Olsen', 'suscipit.nonummy.Fusce@tempor.com', '', '2015-01-17', 0),
('IQONWLNZ6', 'Fuller', 'Fields', 'urna.justo.faucibus@Nullam.co.uk', '', '2014-09-23', 0),
('WIXBPQNF2', 'Brenna', 'Parsons', 'Nunc.laoreet.lectus@fringillaornareplacerat.com', '', '2013-02-07', 0),
('OJWUGFCN4', 'Gretchen', 'Hawkins', 'massa.Integer@mollis.org', '', '2013-09-23', 0),
('HWYFHKSB1', 'Gil', 'Fulton', 'rhoncus@cursusdiam.edu', '', '2013-03-10', 0),
('HKOWKLQF9', 'Katelyn', 'Sandoval', 'Phasellus.dolor.elit@sed.edu', '', '2014-11-21', 0),
('AOPRGBAG7', 'Ciaran', 'Burton', 'a.feugiat@tristique.org', '', '2013-08-26', 0),
('LZIEQRNW9', 'Jessamine', 'Chavez', 'vitae.sodales@perconubia.org', '', '2013-06-02', 0),
('LHSLIMWB5', 'Aretha', 'Barton', 'Vivamus@orciUtsagittis.com', '', '2014-04-04', 0),
('FCYBOBTZ1', 'Abigail', 'Castillo', 'gravida.Aliquam.tincidunt@eu.net', '', '2013-04-08', 0),
('QMBNHCAY7', 'Boris', 'Spears', 'metus.urna.convallis@luctus.co.uk', '', '2013-04-27', 0),
('ZILUWQEL3', 'Stephen', 'House', 'nisl.sem.consequat@ante.com', '', '2013-08-20', 0),
('XXMOGNUB2', 'Cherokee', 'Le', 'auctor@euismodin.edu', '', '2013-04-17', 0),
('ADMEIXMJ1', 'Suki', 'Gonzales', 'aliquet@maurisut.ca', '', '2014-03-09', 0),
('WKTYVQWK1', 'Stewart', 'Wiley', 'sem@nasceturridiculusmus.edu', '', '2013-03-18', 0),
('ZFXFECAX0', 'Bruce', 'Johnston', 'Maecenas.iaculis@velitQuisque.co.uk', '', '2013-07-03', 0),
('PHPYKOAJ5', 'Sylvester', 'Hardin', 'egestas.lacinia.Sed@tristiquealiquet.co.uk', '', '2014-08-25', 0),
('MLQUFGFQ6', 'Imelda', 'Vazquez', 'natoque@consectetuer.net', '', '2013-03-06', 0);

--
-- Insertamos datos a la tabla usuario_usuario
-- 

INSERT INTO usuario_usuario VALUES
('WFPHMYMZ7', 'IWFFOBHP1'),
('WFPHMYMZ7', 'KOOOQQRH3'),
('WFPHMYMZ7', 'AIXZNVWS0'),
('WFPHMYMZ7', 'YTZRLZHO3'),
('WFPHMYMZ7', 'LKFQCZQN3'),
('IWFFOBHP1', 'QJWQZQHJ9'),
('IWFFOBHP1', 'TFXGIFSY2'),
('IWFFOBHP1', 'BAEXODHD3'),
('IWFFOBHP1', 'WRDQJRTW6'),
('IWFFOBHP1', 'TPBHNPJJ3'),
('KOOOQQRH3', 'JQMDWBEK8'),
('KOOOQQRH3', 'SSDKCIPH4'),
('KOOOQQRH3', 'KKGLIPJO8'),
('KOOOQQRH3', 'OCCMNQCW1'),
('AIXZNVWS0', 'WFQZJRMQ8'),
('AIXZNVWS0', 'ASITBSEM2'),
('AIXZNVWS0', 'IPJHZJRR1'),
('YTZRLZHO3', 'QNTVGRYI7'),
('YTZRLZHO3', 'WIDCMVYQ3'),
('LKFQCZQN3', 'JCOEMOFK6'),
('LKFQCZQN3', 'EANLDCKY9'),
('LKFQCZQN3', 'DHOYCSHQ4'),
('LKFQCZQN3', 'LVGUZXFQ1'),
('QJWQZQHJ9', 'TUVNKPAK3'),
('QJWQZQHJ9', 'EOHHKYIV5'),
('QJWQZQHJ9', 'QVIEMHUI7'),
('TFXGIFSY2', 'DEMUXVXN1'),
('TFXGIFSY2', 'LZSZGUPV3'),
('TFXGIFSY2', 'WBYYJYYE2'),
('TFXGIFSY2', 'WXVBCDFM0'),
('BAEXODHD3', 'RQFQQQAS7'),
('BAEXODHD3', 'XTXVGYFR9'),
('BAEXODHD3', 'IMHZJBAX8'),
('BAEXODHD3', 'YUKODMDP6'),
('WRDQJRTW6', 'CBLDGBSN1'),
('WRDQJRTW6', 'YFYVYDWG8'),
('WRDQJRTW6', 'WKFNRJPW8'),
('WRDQJRTW6', 'YAFTFUHD2'),
('TPBHNPJJ3', 'DBMIEHAS3'),
('TPBHNPJJ3', 'VWVBQSWK6'),
('TPBHNPJJ3', 'PRMAIYVS7'),
('TPBHNPJJ3', 'MUUCLKSD8'),
('JQMDWBEK8', 'QPHQFGHT4'),
('JQMDWBEK8', 'OWBDLNHJ6'),
('JQMDWBEK8', 'HRDBSQZH3'),
('JQMDWBEK8', 'HTXDALSY5'),
('SSDKCIPH4', 'NVOWSMIA4'),
('SSDKCIPH4', 'NHWHSDMA5'),
('SSDKCIPH4', 'GVDKJEGK7'),
('SSDKCIPH4', 'FVBPMXLC6'),
('KKGLIPJO8', 'DWNGJQWA2'),
('KKGLIPJO8', 'QPGPOCYU3'),
('KKGLIPJO8', 'XQTMDHYH3'),
('KKGLIPJO8', 'BLBXPJCC1'),
('OCCMNQCW1', 'RZCALXCL8'),
('OCCMNQCW1', 'EBEEBPTQ7'),
('OCCMNQCW1', 'ANNYTNEY5'),
('OCCMNQCW1', 'YARUFPJL2'),
('WFQZJRMQ8', 'WYXVOSNM1'),
('WFQZJRMQ8', 'WEWTXYNX9'),
('WFQZJRMQ8', 'RDMZMEWR0'),
('WFQZJRMQ8', 'SBMYOZDN7'),
('ASITBSEM2', 'ISELGBJC8'),
('ASITBSEM2', 'IXUFCMRO8'),
('ASITBSEM2', 'LKTQNZES5'),
('ASITBSEM2', 'YPVVKQJP6'),
('IPJHZJRR1', 'EGXEDNZQ9'),
('IPJHZJRR1', 'HMJSMXSE5'),
('IPJHZJRR1', 'IZEMMKHY5'),
('IPJHZJRR1', 'SOCHEGRU8'),
('QNTVGRYI7', 'NTNQLDLC0'),
('QNTVGRYI7', 'PDODJWMG3'),
('QNTVGRYI7', 'MLBJWAZV6'),
('QNTVGRYI7', 'IPQYBCDY1'),
('WIDCMVYQ3', 'PJPLQYNW0'),
('WIDCMVYQ3', 'AVRTLZVW5'),
('WIDCMVYQ3', 'DPNMBHCO1'),
('WIDCMVYQ3', 'WKTYVQWK1'),
('JCOEMOFK6', 'GUTTGAYK5'),
('JCOEMOFK6', 'PAIQKBXU7'),
('JCOEMOFK6', 'AYEPDZDS3'),
('JCOEMOFK6', 'HSULGUUO2'),
('EANLDCKY9', 'IQONWLNZ6'),
('EANLDCKY9', 'WIXBPQNF2'),
('EANLDCKY9', 'OJWUGFCN4'),
('EANLDCKY9', 'HWYFHKSB1'),
('DHOYCSHQ4', 'HKOWKLQF9'),
('DHOYCSHQ4', 'AOPRGBAG7'),
('DHOYCSHQ4', 'LZIEQRNW9'),
('DHOYCSHQ4', 'LHSLIMWB5'),
('LVGUZXFQ1', 'FCYBOBTZ1'),
('LVGUZXFQ1', 'QMBNHCAY7'),
('LVGUZXFQ1', 'ZILUWQEL3'),
('LVGUZXFQ1', 'XXMOGNUB2'),
('TUVNKPAK3', 'ADMEIXMJ1'),
('TUVNKPAK3', 'WKTYVQWK1'),
('TUVNKPAK3', 'ZFXFECAX0'),
('TUVNKPAK3', 'PHPYKOAJ5'),
('EOHHKYIV5', 'MLQUFGFQ6'),
('EOHHKYIV5', 'IPQYBCDY1'),
('EOHHKYIV5', 'PJPLQYNW0'),
('EOHHKYIV5', 'AVRTLZVW5'),
('QVIEMHUI7', 'DPNMBHCO1'),
('QVIEMHUI7', 'WKTYVQWK1'),
('QVIEMHUI7', 'ZFXFECAX0'),
('QVIEMHUI7', 'PHPYKOAJ5'),
('DEMUXVXN1', 'IQONWLNZ6'),
('DEMUXVXN1', 'WIXBPQNF2'),
('DEMUXVXN1', 'OJWUGFCN4'),
('DEMUXVXN1', 'HWYFHKSB1'),
('LZSZGUPV3', 'HKOWKLQF9'),
('LZSZGUPV3', 'AOPRGBAG7'),
('LZSZGUPV3', 'LZIEQRNW9'),
('LZSZGUPV3', 'LHSLIMWB5'),
('WBYYJYYE2', 'FCYBOBTZ1'),
('WBYYJYYE2', 'QMBNHCAY7'),
('WBYYJYYE2', 'ZILUWQEL3'),
('WBYYJYYE2', 'XXMOGNUB2'),
('WXVBCDFM0', 'ADMEIXMJ1'),
('WXVBCDFM0', 'WKTYVQWK1'),
('WXVBCDFM0', 'ZFXFECAX0'),
('WXVBCDFM0', 'PHPYKOAJ5'),
('RQFQQQAS7', 'MLQUFGFQ6'),
('RQFQQQAS7', 'IPQYBCDY1'),
('RQFQQQAS7', 'PJPLQYNW0'),
('RQFQQQAS7', 'AVRTLZVW5'),
('XTXVGYFR9', 'DPNMBHCO1'),
('XTXVGYFR9', 'WKTYVQWK1'),
('XTXVGYFR9', 'ZFXFECAX0'),
('XTXVGYFR9', 'PHPYKOAJ5'),
('IMHZJBAX8', 'IQONWLNZ6'),
('IMHZJBAX8', 'WIXBPQNF2'),
('IMHZJBAX8', 'OJWUGFCN4'),
('IMHZJBAX8', 'HWYFHKSB1'),
('YUKODMDP6', 'HKOWKLQF9'),
('YUKODMDP6', 'AOPRGBAG7'),
('YUKODMDP6', 'LZIEQRNW9'),
('YUKODMDP6', 'LHSLIMWB5'),
('CBLDGBSN1', 'FCYBOBTZ1'),
('CBLDGBSN1', 'QMBNHCAY7'),
('CBLDGBSN1', 'ZILUWQEL3'),
('CBLDGBSN1', 'XXMOGNUB2'),
('YFYVYDWG8', 'ADMEIXMJ1'),
('YFYVYDWG8', 'WKTYVQWK1'),
('YFYVYDWG8', 'ZFXFECAX0'),
('YFYVYDWG8', 'PHPYKOAJ5'),
('WKFNRJPW8', 'MLQUFGFQ6'),
('WKFNRJPW8', 'IPQYBCDY1'),
('WKFNRJPW8', 'PJPLQYNW0'),
('WKFNRJPW8', 'AVRTLZVW5'),
('YAFTFUHD2', 'DPNMBHCO1'),
('YAFTFUHD2', 'WKTYVQWK1'),
('YAFTFUHD2', 'ZFXFECAX0'),
('YAFTFUHD2', 'PHPYKOAJ5'),
('DBMIEHAS3', 'IQONWLNZ6'),
('DBMIEHAS3', 'WIXBPQNF2'),
('DBMIEHAS3', 'OJWUGFCN4'),
('DBMIEHAS3', 'HWYFHKSB1'),
('VWVBQSWK6', 'HKOWKLQF9'),
('VWVBQSWK6', 'AOPRGBAG7'),
('VWVBQSWK6', 'LZIEQRNW9'),
('VWVBQSWK6', 'LHSLIMWB5'),
('PRMAIYVS7', 'FCYBOBTZ1'),
('PRMAIYVS7', 'QMBNHCAY7'),
('PRMAIYVS7', 'ZILUWQEL3'),
('PRMAIYVS7', 'XXMOGNUB2'),
('MUUCLKSD8', 'ADMEIXMJ1'),
('MUUCLKSD8', 'WKTYVQWK1'),
('MUUCLKSD8', 'ZFXFECAX0'),
('MUUCLKSD8', 'PHPYKOAJ5'),
('QPHQFGHT4', 'MLQUFGFQ6'),
('QPHQFGHT4', 'IPQYBCDY1'),
('QPHQFGHT4', 'PJPLQYNW0'),
('QPHQFGHT4', 'AVRTLZVW5'),
('OWBDLNHJ6', 'DPNMBHCO1'),
('OWBDLNHJ6', 'WKTYVQWK1'),
('OWBDLNHJ6', 'ZFXFECAX0'),
('OWBDLNHJ6', 'PHPYKOAJ5'),
('HRDBSQZH3', 'IQONWLNZ6'),
('HRDBSQZH3', 'WIXBPQNF2'),
('HRDBSQZH3', 'OJWUGFCN4'),
('HRDBSQZH3', 'HWYFHKSB1'),
('HTXDALSY5', 'HKOWKLQF9'),
('HTXDALSY5', 'AOPRGBAG7'),
('HTXDALSY5', 'LZIEQRNW9'),
('HTXDALSY5', 'LHSLIMWB5'),
('NVOWSMIA4', 'FCYBOBTZ1'),
('NVOWSMIA4', 'QMBNHCAY7'),
('NVOWSMIA4', 'ZILUWQEL3'),
('NVOWSMIA4', 'XXMOGNUB2'),
('NHWHSDMA5', 'ADMEIXMJ1'),
('NHWHSDMA5', 'WKTYVQWK1'),
('NHWHSDMA5', 'ZFXFECAX0'),
('NHWHSDMA5', 'PHPYKOAJ5'),
('GVDKJEGK7', 'MLQUFGFQ6'),
('GVDKJEGK7', 'IPQYBCDY1'),
('GVDKJEGK7', 'PJPLQYNW0'),
('GVDKJEGK7', 'AVRTLZVW5'),
('FVBPMXLC6', 'DPNMBHCO1'),
('FVBPMXLC6', 'WKTYVQWK1'),
('FVBPMXLC6', 'ZFXFECAX0'),
('FVBPMXLC6', 'PHPYKOAJ5'),
('DWNGJQWA2', 'IQONWLNZ6'),
('DWNGJQWA2', 'WIXBPQNF2'),
('DWNGJQWA2', 'OJWUGFCN4'),
('DWNGJQWA2', 'HWYFHKSB1'),
('QPGPOCYU3', 'HKOWKLQF9'),
('QPGPOCYU3', 'AOPRGBAG7'),
('QPGPOCYU3', 'LZIEQRNW9'),
('QPGPOCYU3', 'LHSLIMWB5'),
('XQTMDHYH3', 'FCYBOBTZ1'),
('XQTMDHYH3', 'QMBNHCAY7'),
('XQTMDHYH3', 'ZILUWQEL3'),
('XQTMDHYH3', 'XXMOGNUB2'),
('BLBXPJCC1', 'ADMEIXMJ1'),
('BLBXPJCC1', 'WKTYVQWK1'),
('BLBXPJCC1', 'ZFXFECAX0'),
('BLBXPJCC1', 'PHPYKOAJ5'),
('RZCALXCL8', 'MLQUFGFQ6'),
('RZCALXCL8', 'IPQYBCDY1'),
('RZCALXCL8', 'PJPLQYNW0'),
('RZCALXCL8', 'AVRTLZVW5'),
('EBEEBPTQ7', 'DPNMBHCO1'),
('EBEEBPTQ7', 'WKTYVQWK1'),
('EBEEBPTQ7', 'ZFXFECAX0'),
('EBEEBPTQ7', 'PHPYKOAJ5'),
('ANNYTNEY5', 'IQONWLNZ6'),
('ANNYTNEY5', 'WIXBPQNF2'),
('ANNYTNEY5', 'OJWUGFCN4'),
('ANNYTNEY5', 'HWYFHKSB1'),
('YARUFPJL2', 'HKOWKLQF9'),
('YARUFPJL2', 'AOPRGBAG7'),
('YARUFPJL2', 'LZIEQRNW9'),
('YARUFPJL2', 'LHSLIMWB5'),
('WYXVOSNM1', 'FCYBOBTZ1'),
('WYXVOSNM1', 'QMBNHCAY7'),
('WYXVOSNM1', 'ZILUWQEL3'),
('WYXVOSNM1', 'XXMOGNUB2'),
('WEWTXYNX9', 'ADMEIXMJ1'),
('WEWTXYNX9', 'WKTYVQWK1'),
('WEWTXYNX9', 'ZFXFECAX0'),
('WEWTXYNX9', 'PHPYKOAJ5'),
('RDMZMEWR0', 'MLQUFGFQ6'),
('RDMZMEWR0', 'IPQYBCDY1'),
('RDMZMEWR0', 'PJPLQYNW0'),
('RDMZMEWR0', 'AVRTLZVW5'),
('SBMYOZDN7', 'DPNMBHCO1'),
('SBMYOZDN7', 'WKTYVQWK1'),
('SBMYOZDN7', 'ZFXFECAX0'),
('SBMYOZDN7', 'PHPYKOAJ5'),
('ISELGBJC8', 'IQONWLNZ6'),
('ISELGBJC8', 'WIXBPQNF2'),
('ISELGBJC8', 'OJWUGFCN4'),
('ISELGBJC8', 'HWYFHKSB1'),
('IXUFCMRO8', 'HKOWKLQF9'),
('IXUFCMRO8', 'AOPRGBAG7'),
('IXUFCMRO8', 'LZIEQRNW9'),
('IXUFCMRO8', 'LHSLIMWB5'),
('LKTQNZES5', 'FCYBOBTZ1'),
('LKTQNZES5', 'QMBNHCAY7'),
('LKTQNZES5', 'ZILUWQEL3'),
('LKTQNZES5', 'XXMOGNUB2'),
('YPVVKQJP6', 'ADMEIXMJ1'),
('YPVVKQJP6', 'WKTYVQWK1'),
('YPVVKQJP6', 'ZFXFECAX0'),
('YPVVKQJP6', 'PHPYKOAJ5'),
('EGXEDNZQ9', 'MLQUFGFQ6'),
('EGXEDNZQ9', 'IPQYBCDY1'),
('EGXEDNZQ9', 'PJPLQYNW0'),
('EGXEDNZQ9', 'AVRTLZVW5'),
('HMJSMXSE5', 'DPNMBHCO1'),
('HMJSMXSE5', 'WKTYVQWK1'),
('HMJSMXSE5', 'ZFXFECAX0'),
('HMJSMXSE5', 'PHPYKOAJ5'),
('IZEMMKHY5', 'IQONWLNZ6'),
('IZEMMKHY5', 'WIXBPQNF2'),
('IZEMMKHY5', 'OJWUGFCN4'),
('IZEMMKHY5', 'HWYFHKSB1'),
('SOCHEGRU8', 'HKOWKLQF9'),
('SOCHEGRU8', 'AOPRGBAG7'),
('SOCHEGRU8', 'LZIEQRNW9'),
('SOCHEGRU8', 'LHSLIMWB5'),
('NTNQLDLC0', 'FCYBOBTZ1'),
('NTNQLDLC0', 'QMBNHCAY7'),
('NTNQLDLC0', 'ZILUWQEL3'),
('NTNQLDLC0', 'XXMOGNUB2'),
('PDODJWMG3', 'ADMEIXMJ1'),
('PDODJWMG3', 'WKTYVQWK1'),
('PDODJWMG3', 'ZFXFECAX0'),
('PDODJWMG3', 'PHPYKOAJ5'),
('MLBJWAZV6', 'IQONWLNZ6'),
('MLBJWAZV6', 'WIXBPQNF2'),
('MLBJWAZV6', 'OJWUGFCN4'),
('MLBJWAZV6', 'HWYFHKSB1'),
('IPQYBCDY1', 'HKOWKLQF9'),
('IPQYBCDY1', 'AOPRGBAG7'),
('IPQYBCDY1', 'LZIEQRNW9'),
('IPQYBCDY1', 'LHSLIMWB5'),
('PJPLQYNW0', 'FCYBOBTZ1'),
('PJPLQYNW0', 'QMBNHCAY7'),
('PJPLQYNW0', 'ZILUWQEL3'),
('PJPLQYNW0', 'XXMOGNUB2'),
('AVRTLZVW5', 'ADMEIXMJ1'),
('AVRTLZVW5', 'WKTYVQWK1'),
('AVRTLZVW5', 'ZFXFECAX0'),
('AVRTLZVW5', 'PHPYKOAJ5'),
('DPNMBHCO1', 'IQONWLNZ6'),
('DPNMBHCO1', 'WIXBPQNF2'),
('DPNMBHCO1', 'OJWUGFCN4'),
('DPNMBHCO1', 'HWYFHKSB1'),
('WKTYVQWK1', 'AOPRGBAG7'),
('WKTYVQWK1', 'LZIEQRNW9'),
('WKTYVQWK1', 'LHSLIMWB5'),
('ZFXFECAX0', 'FCYBOBTZ1'),
('ZFXFECAX0', 'QMBNHCAY7'),
('ZFXFECAX0', 'ZILUWQEL3'),
('ZFXFECAX0', 'XXMOGNUB2'),
('PHPYKOAJ5', 'ADMEIXMJ1'),
('PHPYKOAJ5', 'WKTYVQWK1'),
('PHPYKOAJ5', 'ZFXFECAX0'),
('PHPYKOAJ5', 'IQONWLNZ6'),
('PHPYKOAJ5', 'WIXBPQNF2'),
('PHPYKOAJ5', 'OJWUGFCN4'),
('PHPYKOAJ5', 'HWYFHKSB1'),
('MLQUFGFQ6', 'HKOWKLQF9'),
('MLQUFGFQ6', 'AOPRGBAG7'),
('MLQUFGFQ6', 'LZIEQRNW9'),
('MLQUFGFQ6', 'LHSLIMWB5'),
('IPQYBCDY1', 'FCYBOBTZ1'),
('IPQYBCDY1', 'QMBNHCAY7'),
('IPQYBCDY1', 'ZILUWQEL3'),
('IPQYBCDY1', 'XXMOGNUB2'),
('PJPLQYNW0', 'ADMEIXMJ1'),
('PJPLQYNW0', 'WKTYVQWK1'),
('PJPLQYNW0', 'ZFXFECAX0'),
('PJPLQYNW0', 'PHPYKOAJ5'),
('AVRTLZVW5', 'IQONWLNZ6'),
('AVRTLZVW5', 'WIXBPQNF2'),
('AVRTLZVW5', 'OJWUGFCN4'),
('AVRTLZVW5', 'HWYFHKSB1'),
('DPNMBHCO1', 'HKOWKLQF9'),
('DPNMBHCO1', 'AOPRGBAG7'),
('DPNMBHCO1', 'LZIEQRNW9'),
('DPNMBHCO1', 'LHSLIMWB5'),
('WKTYVQWK1', 'FCYBOBTZ1'),
('WKTYVQWK1', 'QMBNHCAY7'),
('WKTYVQWK1', 'ZILUWQEL3'),
('WKTYVQWK1', 'XXMOGNUB2'),
('ZFXFECAX0', 'ADMEIXMJ1'),
('ZFXFECAX0', 'PHPYKOAJ5'),
('ZFXFECAX0', 'IQONWLNZ6'),
('ZFXFECAX0', 'WIXBPQNF2'),
('ZFXFECAX0', 'OJWUGFCN4'),
('ZFXFECAX0', 'HWYFHKSB1'),
('HKOWKLQF9', 'MLQUFGFQ6'),
('HKOWKLQF9', 'AOPRGBAG7'),
('HKOWKLQF9', 'LZIEQRNW9'),
('HKOWKLQF9', 'LHSLIMWB5'),
('AOPRGBAG7', 'FCYBOBTZ1'),
('AOPRGBAG7', 'QMBNHCAY7'),
('AOPRGBAG7', 'ZILUWQEL3'),
('AOPRGBAG7', 'XXMOGNUB2'),
('LZIEQRNW9', 'ADMEIXMJ1'),
('LZIEQRNW9', 'WKTYVQWK1'),
('LZIEQRNW9', 'ZFXFECAX0'),
('LZIEQRNW9', 'PHPYKOAJ5'),
('LHSLIMWB5', 'IQONWLNZ6'),
('LHSLIMWB5', 'WIXBPQNF2'),
('LHSLIMWB5', 'OJWUGFCN4'),
('LHSLIMWB5', 'HWYFHKSB1'),
('FCYBOBTZ1', 'HKOWKLQF9'),
('FCYBOBTZ1', 'QMBNHCAY7'),
('FCYBOBTZ1', 'ZILUWQEL3'),
('FCYBOBTZ1', 'XXMOGNUB2'),
('QMBNHCAY7', 'ADMEIXMJ1'),
('QMBNHCAY7', 'WKTYVQWK1'),
('QMBNHCAY7', 'ZFXFECAX0'),
('QMBNHCAY7', 'PHPYKOAJ5'),
('ZILUWQEL3', 'MLQUFGFQ6'),
('ZILUWQEL3', 'IPQYBCDY1'),
('ZILUWQEL3', 'PJPLQYNW0'),
('ZILUWQEL3', 'AVRTLZVW5'),
('XXMOGNUB2', 'DPNMBHCO1'),
('XXMOGNUB2', 'WKTYVQWK1'),
('XXMOGNUB2', 'ZFXFECAX0'),
('XXMOGNUB2', 'PHPYKOAJ5'),
('ADMEIXMJ1', 'IQONWLNZ6'),
('ADMEIXMJ1', 'WIXBPQNF2'),
('ADMEIXMJ1', 'OJWUGFCN4'),
('ADMEIXMJ1', 'HWYFHKSB1'),
('WKTYVQWK1', 'HKOWKLQF9');

--
-- Insertamos datos a la tabla usuario_reserva
--

INSERT INTO usuario_reserva (dni_usuario, id_reserva, asiste) VALUES
('WFPHMYMZ7', 6, 0),
('WFPHMYMZ7', 46, 0),
('WFPHMYMZ7', 54, 0),
('WFPHMYMZ7', 120, 0),
('IWFFOBHP1', 34, 0),
('IWFFOBHP1', 157, 0),
('KOOOQQRH3', 98, 0),
('KOOOQQRH3', 99, 0),
('AIXZNVWS0', 48, 0),
('AIXZNVWS0', 79, 0),
('AIXZNVWS0', 190, 0),
('YTZRLZHO3', 20, 0),
('YTZRLZHO3', 34, 0),
('YTZRLZHO3', 71, 0),
('YTZRLZHO3', 87, 0),
('YTZRLZHO3', 171, 0),
('LKFQCZQN3', 124, 0),
('LKFQCZQN3', 137, 0),
('LKFQCZQN3', 179, 0),
('LKFQCZQN3', 189, 0),
('QJWQZQHJ9', 114, 0),
('QJWQZQHJ9', 174, 0),
('TFXGIFSY2', 3, 0),
('TFXGIFSY2', 43, 0),
('TFXGIFSY2', 91, 0),
('TFXGIFSY2', 149, 0),
('BAEXODHD3', 8, 0),
('BAEXODHD3', 108, 0),
('WRDQJRTW6', 9, 0),
('WRDQJRTW6', 29, 0),
('WRDQJRTW6', 112, 0),
('TPBHNPJJ3', 13, 0),
('TPBHNPJJ3', 101, 0),
('TPBHNPJJ3', 164, 0),
('JQMDWBEK8', 93, 0),
('JQMDWBEK8', 104, 0),
('JQMDWBEK8', 162, 0),
('SSDKCIPH4', 110, 0),
('SSDKCIPH4', 118, 0),
('SSDKCIPH4', 129, 0),
('KKGLIPJO8', 25, 0),
('KKGLIPJO8', 34, 0),
('KKGLIPJO8', 39, 0),
('KKGLIPJO8', 59, 0),
('OCCMNQCW1', 60, 0),
('WFQZJRMQ8', 77, 0),
('WFQZJRMQ8', 179, 0),
('ASITBSEM2', 42, 0),
('ASITBSEM2', 155, 0),
('IPJHZJRR1', 197, 0),
('QNTVGRYI7', 18, 0),
('QNTVGRYI7', 34, 0),
('QNTVGRYI7', 140, 0),
('QNTVGRYI7', 185, 0),
('WIDCMVYQ3', 15, 0),
('WIDCMVYQ3', 57, 0),
('WIDCMVYQ3', 118, 0),
('WIDCMVYQ3', 145, 0),
('WIDCMVYQ3', 164, 0),
('WIDCMVYQ3', 166, 0),
('JCOEMOFK6', 6, 0),
('EANLDCKY9', 20, 0),
('EANLDCKY9', 28, 0),
('EANLDCKY9', 51, 0),
('EANLDCKY9', 65, 0),
('EANLDCKY9', 94, 0),
('EANLDCKY9', 104, 0),
('EANLDCKY9', 170, 0),
('DHOYCSHQ4', 33, 0),
('DHOYCSHQ4', 49, 0),
('DHOYCSHQ4', 64, 0),
('DHOYCSHQ4', 96, 0),
('DHOYCSHQ4', 147, 0),
('LVGUZXFQ1', 27, 0),
('LVGUZXFQ1', 31, 0),
('LVGUZXFQ1', 33, 0),
('TUVNKPAK3', 91, 0),
('TUVNKPAK3', 115, 0),
('TUVNKPAK3', 147, 0),
('TUVNKPAK3', 182, 0),
('EOHHKYIV5', 25, 0),
('EOHHKYIV5', 175, 0),
('EOHHKYIV5', 180, 0),
('QVIEMHUI7', 52, 0),
('QVIEMHUI7', 147, 0),
('QVIEMHUI7', 162, 0),
('QVIEMHUI7', 171, 0),
('DEMUXVXN1', 62, 0),
('DEMUXVXN1', 70, 0),
('DEMUXVXN1', 72, 0),
('DEMUXVXN1', 113, 0),
('LZSZGUPV3', 104, 0),
('LZSZGUPV3', 134, 0),
('WBYYJYYE2', 123, 0),
('WBYYJYYE2', 138, 0),
('WXVBCDFM0', 46, 0),
('WXVBCDFM0', 86, 0),
('WXVBCDFM0', 153, 0),
('WXVBCDFM0', 156, 0),
('XTXVGYFR9', 13, 0),
('XTXVGYFR9', 54, 0),
('XTXVGYFR9', 58, 0),
('IMHZJBAX8', 37, 0),
('YUKODMDP6', 29, 0),
('YUKODMDP6', 125, 0),
('CBLDGBSN1', 101, 0),
('CBLDGBSN1', 139, 0),
('CBLDGBSN1', 173, 0),
('CBLDGBSN1', 183, 0),
('YAFTFUHD2', 2, 0),
('YAFTFUHD2', 3, 0),
('VWVBQSWK6', 147, 0),
('VWVBQSWK6', 153, 0),
('VWVBQSWK6', 187, 0),
('VWVBQSWK6', 196, 0),
('VWVBQSWK6', 197, 0),
('MUUCLKSD8', 101, 0),
('MUUCLKSD8', 111, 0),
('QPHQFGHT4', 69, 0),
('QPHQFGHT4', 124, 0),
('QPHQFGHT4', 132, 0),
('HRDBSQZH3', 81, 0),
('HRDBSQZH3', 108, 0),
('HRDBSQZH3', 111, 0),
('HRDBSQZH3', 125, 0),
('HRDBSQZH3', 143, 0),
('HTXDALSY5', 94, 0),
('NVOWSMIA4', 18, 0),
('NVOWSMIA4', 47, 0),
('NVOWSMIA4', 48, 0),
('NVOWSMIA4', 86, 0),
('NHWHSDMA5', 23, 0),
('GVDKJEGK7', 66, 0),
('FVBPMXLC6', 41, 0),
('FVBPMXLC6', 113, 0),
('DWNGJQWA2', 7, 0),
('DWNGJQWA2', 40, 0),
('DWNGJQWA2', 85, 0),
('DWNGJQWA2', 107, 0),
('QPGPOCYU3', 6, 0),
('QPGPOCYU3', 97, 0),
('QPGPOCYU3', 113, 0),
('QPGPOCYU3', 176, 0),
('QPGPOCYU3', 192, 0),
('XQTMDHYH3', 7, 0),
('XQTMDHYH3', 46, 0),
('XQTMDHYH3', 155, 0),
('XQTMDHYH3', 172, 0),
('BLBXPJCC1', 63, 0),
('BLBXPJCC1', 134, 0),
('RZCALXCL8', 29, 0),
('RZCALXCL8', 151, 0),
('RZCALXCL8', 160, 0),
('EBEEBPTQ7', 22, 0),
('EBEEBPTQ7', 69, 0),
('EBEEBPTQ7', 94, 0),
('ANNYTNEY5', 43, 0),
('ANNYTNEY5', 67, 0),
('ANNYTNEY5', 84, 0),
('ANNYTNEY5', 108, 0),
('ANNYTNEY5', 115, 0),
('ANNYTNEY5', 117, 0),
('YARUFPJL2', 48, 0),
('YARUFPJL2', 49, 0),
('YARUFPJL2', 99, 0),
('WYXVOSNM1', 77, 0),
('WYXVOSNM1', 113, 0),
('WYXVOSNM1', 118, 0),
('WYXVOSNM1', 158, 0),
('WEWTXYNX9', 174, 0),
('RDMZMEWR0', 5, 0),
('RDMZMEWR0', 156, 0),
('SBMYOZDN7', 12, 0),
('SBMYOZDN7', 58, 0),
('ISELGBJC8', 63, 0),
('IXUFCMRO8', 15, 0),
('IXUFCMRO8', 54, 0),
('IXUFCMRO8', 72, 0),
('IXUFCMRO8', 106, 0),
('LKTQNZES5', 74, 0),
('LKTQNZES5', 90, 0),
('LKTQNZES5', 161, 0),
('YPVVKQJP6', 104, 0),
('YPVVKQJP6', 129, 0),
('YPVVKQJP6', 77, 0),
('EGXEDNZQ9', 117, 0),
('EGXEDNZQ9', 180, 0),
('HMJSMXSE5', 99, 0),
('HMJSMXSE5', 176, 0),
('HMJSMXSE5', 180, 0),
('IZEMMKHY5', 53, 0),
('IZEMMKHY5', 134, 0),
('IZEMMKHY5', 172, 0),
('SOCHEGRU8', 36, 0),
('SOCHEGRU8', 37, 0),
('SOCHEGRU8', 75, 0),
('SOCHEGRU8', 83, 0),
('NTNQLDLC0', 30, 0),
('NTNQLDLC0', 131, 0),
('NTNQLDLC0', 151, 0),
('NTNQLDLC0', 164, 0),
('PDODJWMG3', 148, 0),
('MLBJWAZV6', 77, 0),
('IPQYBCDY1', 61, 0),
('IPQYBCDY1', 174, 0),
('PJPLQYNW0', 97, 0),
('PJPLQYNW0', 115, 0),
('AVRTLZVW5', 39, 0),
('AVRTLZVW5', 113, 0),
('AVRTLZVW5', 167, 0),
('DPNMBHCO1', 45, 0),
('DPNMBHCO1', 142, 0),
('DPNMBHCO1', 173, 0),
('WKQWSRDL4', 197, 0),
('GUTTGAYK5', 123, 0),
('GUTTGAYK5', 156, 0),
('GUTTGAYK5', 157, 0),
('GUTTGAYK5', 171, 0),
('GUTTGAYK5', 182, 0),
('PAIQKBXU7', 47, 0),
('PAIQKBXU7', 95, 0),
('PAIQKBXU7', 104, 0),
('PAIQKBXU7', 120, 0),
('PAIQKBXU7', 141, 0),
('PAIQKBXU7', 175, 0),
('PAIQKBXU7', 189, 0),
('AYEPDZDS3', 52, 0),
('AYEPDZDS3', 72, 0),
('AYEPDZDS3', 88, 0),
('AYEPDZDS3', 132, 0),
('HSULGUUO2', 102, 0),
('HSULGUUO2', 138, 0),
('HSULGUUO2', 148, 0),
('WIXBPQNF2', 32, 0),
('WIXBPQNF2', 182, 0),
('WIXBPQNF2', 197, 0),
('HWYFHKSB1', 52, 0),
('HWYFHKSB1', 122, 0),
('HWYFHKSB1', 178, 0),
('HKOWKLQF9', 134, 0),
('HKOWKLQF9', 155, 0),
('AOPRGBAG7', 36, 0),
('AOPRGBAG7', 53, 0),
('AOPRGBAG7', 103, 0),
('AOPRGBAG7', 194, 0),
('LZIEQRNW9', 45, 0),
('LZIEQRNW9', 161, 0),
('LHSLIMWB5', 24, 0),
('LHSLIMWB5', 32, 0),
('LHSLIMWB5', 42, 0),
('LHSLIMWB5', 62, 0),
('LHSLIMWB5', 198, 0),
('FCYBOBTZ1', 75, 0),
('FCYBOBTZ1', 116, 0),
('FCYBOBTZ1', 186, 0),
('FCYBOBTZ1', 188, 0),
('QMBNHCAY7', 97, 0),
('QMBNHCAY7', 190, 0),
('QMBNHCAY7', 20, 0),
('XXMOGNUB2', 1, 0),
('XXMOGNUB2', 3, 0),
('XXMOGNUB2', 60, 0),
('XXMOGNUB2', 64, 0),
('ZFXFECAX0', 57, 0),
('ZFXFECAX0', 192, 0),
('PHPYKOAJ5', 4, 0),
('PHPYKOAJ5', 192, 0),
('MLQUFGFQ6', 7, 0);

-- ACTUALIZACION DE LA CIUDAD DE LOS USUARIOS
-- Establecer como Zaragoza la ciudad de los usuarios que hayan reservado alguna vez en esa ciudad
UPDATE usuarios SET ciudad = 'Zaragoza' WHERE dni IN (
    SELECT dni_usuario FROM usuario_reserva WHERE id_reserva IN (
        SELECT id FROM reservas WHERE id_pista IN (
            SELECT id FROM pistas WHERE id_polideportivo IN  (
                SELECT id FROM polideportivos WHERE ciudad = 'Zaragoza'
            )
        )
    )
);
-- Establecer como Teruel la ciudad de los usuarios que hayan reservado alguna vez en esa ciudad
UPDATE usuarios SET ciudad = 'Teruel' WHERE dni IN (
    SELECT dni_usuario FROM usuario_reserva WHERE id_reserva IN (
        SELECT id FROM reservas WHERE id_pista IN (
            SELECT id FROM pistas WHERE id_polideportivo IN  (
                SELECT id FROM polideportivos WHERE ciudad = 'Teruel'
            )
        )
    )
);
-- Establecer como Huesca la ciudad de los usuarios que hayan reservado alguna vez en esa ciudad y no en Zaragoza
UPDATE usuarios SET ciudad = 'Huesca' WHERE ciudad <> 'Zaragoza' AND dni IN (
    SELECT dni_usuario FROM usuario_reserva WHERE id_reserva IN (
        SELECT id FROM reservas WHERE id_pista IN (
            SELECT id FROM pistas WHERE id_polideportivo IN  (
                SELECT id FROM polideportivos WHERE ciudad = 'Huesca'
            )
        )
    )
);

-- ACTUALIZACION DEL PRECIO DE LAS PISTAS
-- Cuestan 25€ las pistas de futbol que han sido reservadas alguna vez
UPDATE pistas SET precio = 25 WHERE tipo = 'futbol';
-- Cuestan 20€ las pistas de tenis o baloncesto que han sido reservadas alguna vez
UPDATE pistas SET precio = 20 WHERE tipo IN ('tenis', 'baloncesto');
-- Cuestan 15€ las pistas de ping-pong que han sido reservadas alguna vez
UPDATE pistas SET precio = 15 WHERE tipo = 'ping-pong';
-- Cuestan 10€ menos las pistas que no han sido reservadas ninguna vez
UPDATE pistas SET precio = precio - 10 WHERE id NOT IN (SELECT id_pista FROM reservas);
-- Se hace un 20% de descuento a las pistas que tienen reservas anteriores a 2014
UPDATE pistas SET precio = precio * 0.8 WHERE id IN (SELECT id_pista FROM reservas WHERE fecha_reserva < '2014-01-01');
-- Se hace un 30% de descuento a las pistas reservadas mas de una vez
UPDATE pistas SET precio = precio * 0.7 WHERE id IN (SELECT id_pista FROM reservas GROUP BY id_pista HAVING COUNT(*) > 1);
